{"accessibilityPrompt":true,"alwaysOnTop":false,"arch":"x64","asar":false,"blockExternalUrls":false,"bounce":false,"buildDate":1643421118610,"clearCache":false,"counter":false,"darwinDarkModeSupport":false,"disableContextMenu":false,"disableDevTools":false,"disableGpu":false,"disableOldBuildWarning":false,"electronVersionUsed":"16.0.6","enableEs3Apis":false,"fastQuit":false,"fullScreen":false,"height":800,"hideWindowFrame":false,"ignoreCertificate":true,"ignoreGpuBlacklist":false,"insecure":false,"isUpgrade":false,"maximize":false,"name":"im_office","nativefierVersion":"46.0.4","portable":false,"showMenuBar":false,"singleInstance":false,"targetUrl":"https://'https//imffice.bawinx.com'","tray":"false","userAgentHonest":false,"width":1280,"widevine":false,"win32metadata":{"ProductName":"im_office","InternalName":"im_office","FileDescription":"im_office"},"zoom":1,"oldBuildWarningText":""}